route_id,agency_id,route_short_name,route_long_name,fare_id
O0636AAA0A,22004,636,Merck - Saens Peña,""
O0955AAA0A,22004,955,Maré - Terminal Alvorada,""
O0805AAA0A,22004,805,Terminal Alvorada - Jardim Oceânico,""
O0497AAA0A,22003,497,Penha - Largo do Machado,""
E2343AAA0A,22003,2343,Ribeira - Castelo,""
E2305AAA0A,22003,2305,Jardim América - Castelo,""
E2342AAA0A,22003,2342,Bananal - Castelo,""
E2344AAA0A,22003,2344,Bancários - Castelo,""
O0254AAA0A,22003,254,Madureira - Candelária,""
O0238AAA0A,22003,238,Água Santa - Castelo,""
O0238AAN0A,22003,SN238,Água Santa - Castelo,""
O0239AAA0A,22003,239,Água Santa - Castelo,""
O0247AAA0A,22003,247,Camarista Méier - Passeio,""
O0249AAA0A,22003,249,Água Santa - Carioca,""
O0265AAA0A,22003,265,Marechal Hermes - Castelo,""
O0265AAN0A,22003,SN265,Marechal Hermes - Castelo,""
O0277AAA0A,22003,277,Rocha Miranda - Candelária,""
O0519AAA0A,22002,519,Urca - Copacabana,""
O0518AAA0A,22002,518,Urca - Botafogo,""
O0915AAA0A,22003,915,Bonsucesso - Aeroporto Internacional do RJ,""
O0232AAA0A,22003,232,Lins de Vasconcelos - Castelo,""
O0885AAA0A,22005,885,Terminal Mato Alto - Santa Cruz,""
O0550AAPBA,22004,SPB550,Tijuquinha - Gávea,""
O0831AAV0A,22004,SV831,Colônia - Terminal Taquara,""
O0692AAV0A,22004,SV692,Méier - Terminal Alvorada,""
O0232AAN0A,22003,SN232,Lins de Vasconcelos - Castelo,""
O0292AAA0A,22003,292,Engenho da Rainha - Castelo,""
O0765AAA0A,22005,765,Mendanha - Terminal Deodoro,""
O0296AAA0A,22003,296,Irajá - Castelo,""
O0866AAV0A,22005,SV866,Terminal Campo Grande - Terminal Pingo d'Água,""
O0753AAA0A,22005,753,Santa Cruz - Metrô Coelho Neto,""
O0298AAA0A,22003,298,Acari - Castelo,""
O0311AAA0A,22003,311,Engenheiro Leal - Candelária,""
O0803AAP0A,22005,SP803,Jabour - Terminal Sulacap,""
O0312AAA0A,22003,312,Olaria - Candelária,""
O0313AAA0A,22003,313,Penha (Grotão) - Praça Tiradentes,""
O0321AAA0A,22003,321,Bancários - Castelo,""
O0323AAA0A,22003,323,Bananal - Castelo,""
O0325AAA0A,22003,325,Ribeira - Castelo,""
O0326AAA0A,22003,326,Bancários - Candelária,""
O0327AAA0A,22003,327,Ribeira - Castelo,""
O0328AAA0A,22003,328,Bananal - Candelária,""
O0329AAA0A,22003,329,Bancários - Candelária,""
O0342AAA0A,22003,342,Jardim América - Castelo,""
O0342AAR0A,22003,SR342,Jardim América - Castelo,""
O0349AAA0A,22003,349,Rocha Miranda - Castelo,""
O0355AAA0A,22003,355,Madureira - Praça Tiradentes,""
O0355AAR0A,22003,SR355,Madureira - Praça Tiradentes,""
O0362AAA0A,22003,362,Honório Gurgel - Castelo,""
O0362AAR0A,22003,SR362,Honório Gurgel - Castelo,""
O0378AAA0A,22003,378,Marechal Hermes - Castelo,""
O0378AAR0A,22003,SR378,Marechal Hermes - Castelo,""
O0384AAA0A,22003,384,Pavuna - Passeio,""
O0385AAA0A,22003,385,Village Pavuna - Passeio,""
O0324AAN0A,22003,SN324,Ribeira - Candelária,""
O0298AAN0A,22003,SN298,Acari - Castelo,""
O0399AAA0A,22003,399,Pavuna - Passeio,""
O0404AAP0A,22003,SP404,Caju - Leblon,""
O0455AAA0A,22003,455,Méier - Copacabana,""
O0456AAA0A,22003,456,Norte Shopping - Copacabana,""
O0457AAA0A,22003,457,Abolição - Copacabana,""
O0483AAA0A,22003,483,Penha - General Osório,""
O0484AAA0A,22003,484,Olaria - General Osório,""
O0492AAA0A,22003,492,Bancários - Prado Júnior,""
O0386AAA0A,22003,386,Anchieta - Candelária,""
O0621AAA0A,22003,621,Penha - Saens Peña,""
O0622AAA0A,22003,622,Penha - Saens Peña,""
O0623AAA0A,22003,623,Penha - Saens Peña,""
O0624AAA0A,22003,624,Mariópolis - Praça da Bandeira,""
O0625AAA0A,22003,625,Olaria - Saens Peña,""
O0627AAA0A,22003,627,Inhaúma - Saens Peña,""
O0628AAA0A,22003,628,Penha - Nova América,""
O0629AAA0A,22003,629,Irajá - Saens Peña,""
O0630AAA0A,22003,630,Penha (IAPI) - Saens Peña,""
O0634AAA0A,22003,634,Bananal - Saens Peña,""
O0638AAA0A,22003,638,Marechal Hermes - Saens Peña,""
O0639AAA0A,22003,639,Jardim América - Saens Peña,""
O0650AAA0A,22003,650,Marechal Hermes - Engenho Novo,""
O0665AAA0A,22003,665,Pavuna - Saens Peña,""
O0665AAVAA,22003,SVA665,Pavuna - Saens Peña,""
O0665AAVBA,22003,SVB665,Pavuna - Saens Peña,""
O0669AAA0A,22003,669,Pavuna - Méier,""
O0669AAV0A,22003,SV669,Pavuna - Méier,""
O0679AAA0A,22003,679,Grotão - Méier,""
O0685AAA0A,22003,685,Irajá - Méier,""
O0685AAVAA,22003,SVA685,Irajá - Méier,""
O0685AAVBA,22003,SVB685,Irajá - Méier,""
O0687AAA0A,22003,687,Pavuna - Méier,""
O0688AAA0A,22003,688,Méier - Pavuna,""
O0696AAA0A,22003,696,Méier - Praia do Dendê,""
O0711AAA0A,22003,711,Rocha Miranda - Rio Comprido,""
O0721AAA0A,22003,721,Vila Cruzeiro - Cascadura,""
O0778AAA0A,22003,778,Pavuna - Cascadura,""
O0629AAN0A,22003,SN629,Irajá - Saens Peña,""
O0457AAN0A,22003,SN457,Abolição - Copacabana,""
O0639AAN0A,22003,SN639,Jardim América - Saens Peña,""
O0901AAA0A,22003,901,Bonsucesso - Bananal,""
O0905AAA0A,22003,905,Bonsucesso - Irajá,""
O0906AAA0A,22003,906,Jardim América - Caju,""
O0606AAV0A,22003,SV606,Engenho de Dentro - Terminal Gentileza,""
O0910AAA0A,22003,910,Bananal - Irajá,""
O0913AAA0A,22003,913,Del Castilho - Fundão,""
O0920AAA0A,22003,920,Pavuna - Bonsucesso,""
O0485AAP0A,22003,SP485,Cidade Nova - Fundão,""
O0663AAA0A,22003,663,Méier - Fundão,""
O0917AAA0A,22003,LECD113,Padre Miguel - Bonsucesso,""
O0928AAA0A,22003,928,Marechal Hermes - Bonsucesso,""
O0950AAA0A,22003,950,Vicente de Carvalho - Vista Alegre,""
O0951AAA0A,22003,951,Vicente de Carvalho - Vista Alegre,""
O0315AAA0A,22004,315,Central - Recreio dos Bandeirantes,""
O0306AAA0A,22004,306,Praça Seca - Castelo,""
O0338AAA0A,22004,338,Taquara - Candelária,""
O0341AAA0A,22004,341,Taquara - Candelária,""
O0343AAA0A,22004,343,Jardim Oceânico - Candelária,""
O0343AAP0A,22004,SP343,Rio das Pedras - Candelária,""
O0348AAA0A,22004,348,Riocentro - Candelária,""
O0363AAA0A,22004,363,Vila Valqueire - Candelária,""
O0363AAV0A,22004,SV363,Vila Valqueire - Candelária,""
O0368AAA0A,22004,368,Riocentro - Candelária,""
O0380AAA0A,22004,380,Curicica - Candelária,""
O0925AAA0A,22003,925,Aeroporto Internacional do RJ - Bancários,""
O0793AAA0A,22003,793,Pavuna - Terminal Sulacap,""
O0945AAA0A,22003,945,Pavuna - Terminal Fundão,""
O0363AAN0A,22004,SN363,Vila Valqueire - Candelária,""
O0302AAN0A,22004,SN302,Terminal Gentileza - Terminal Alvorada,""
O0390AAA0A,22004,390,Curicica - Candelária,""
O0550AAA0A,22004,550,Cidade de Deus - Gávea,""
O0555AAA0A,22004,555,Rio das Pedras - Gávea,""
O0557AAA0A,22004,557,Rio das Pedras - Copacabana,""
O0565AAA0A,22004,565,Tanque - Gávea,""
O0600AAA0A,22004,600,Taquara - Saens Peña,""
O0361AAA0A,22004,361,Recreio dos Bandeirantes - Castelo,""
E2111AAA0A,22004,2111,Praça Seca - Castelo,""
E2110AAA0A,22004,2110,Gardênia Azul - Castelo,""
E2112AAA0A,22004,2112,Taquara - Castelo,""
E2114AAA0A,22004,2114,Freguesia - Castelo,""
E2345AAA0A,22004,2345,Vila Valqueire - Castelo,""
O0309AAN0A,22004,SN309,Terminal Alvorada - Terminal Gentileza,""
O0309AAA0A,22004,309,Terminal Alvorada - Central,""
O0601AAA0A,22004,601,Santa Maria - Saens Peña,""
O0352AAA0A,22004,352,Riocentro - Candelária,""
O0607AAA0A,22004,607,Cascadura - Rio Comprido,""
O0610AAA0A,22004,610,Del Castilho - Tanque,""
O0611AAA0A,22004,611,Camorim - Del Castilho,""
O0613AAA0A,22004,613,Vargem Grande - Del Castilho,""
O0613AAPAA,22004,SPA613,Riocentro - Del Castilho,""
O0678AAA0A,22004,678,Méier - Vila Valqueire,""
O0691AAA0A,22004,691,Méier - Cidade de Deus,""
O0712AAA0A,22004,712,Cascadura - Irajá,""
O0766AAA0A,22004,766,Madureira - Freguesia,""
O0774AAA0A,22004,774,Madureira - Jardim América,""
O0774AAV0A,22004,SV774,Madureira - Jardim América,""
O0775AAA0A,22004,775,Jardim América - Madureira,""
O0829AAA0A,22004,829,Gardênia Azul - Freguesia,""
O0810AAA0A,22004,810,Terminal Taquara - Pontal,""
O0831AAA0A,22004,831,Colônia - Terminal Taquara,""
O0302AAA0A,22004,302,Terminal Gentileza - Terminal Alvorada,""
O0565AAN0A,22004,SN565,Tanque - Gávea,""
O0844AAA0A,22004,844,Jardim Oceânico - Barrinha,""
O0550AAN0A,22004,SN550,Cidade de Deus - Gávea,""
E2918AAA0A,22004,2918,Aeroporto Internacional do RJ - Terminal Alvorada,""
O0810AAP0A,22004,SP810,Terminal Taquara - Vargem Grande,""
O0859AAA0A,22004,859,Covanca - Largo do Tanque,""
O0861AAA0A,22004,861,Rio das Pedras - Curicica,""
O0878AAA0A,22004,878,Tanque - Barra da Tijuca,""
O0878AAV0A,22004,SV878,Tanque - Barra da Tijuca,""
O0636AAN0A,22004,SN636,Merck - Saens Peña,""
O0863AAA0A,22004,863,Rio das Pedras - Barra da Tijuca,""
O0862AAA0A,22004,862,Rio das Pedras - Barra da Tijuca,""
O0693AAA0A,22004,693,Méier - Terminal Alvorada,""
O0692AAA0A,22004,692,Méier - Terminal Alvorada,""
O0614AAA0A,22004,614,Del Castilho - Terminal Alvorada,""
O0810AAN0A,22004,SN810,Terminal Taquara - Pontal,""
O0880AAA0A,22004,880,Rio das Pedras - Terminal Alvorada,""
O0932AAA0A,22004,932,Gardênia Azul - Tanque,""
O0940AAA0A,22004,940,Ramos (Praia) - Madureira,""
O0652AAA0A,22004,652,Cascadura - Méier,""
O0369AAA0A,22005,369,Bangu - Candelária,""
O0383AAA0A,22005,383,Realengo - Praça da República,""
O0388AAA0A,22005,388,Santa Cruz - Candelária,""
O0393AAA0A,22005,393,Bangu - Candelária,""
O0393AAR0A,22005,SR393,Bangu - Candelária,""
E2307AAA0A,22005,2307,Jardim 7 de Abril - Carioca,""
E2308AAA0A,22005,2308,Cosmos - Carioca,""
E2309AAA0A,22005,2309,Urucânia - Carioca,""
E2310AAA0A,22005,2310,Bangu - Candelária,""
E2803AAA0A,22005,2803,Vila Kennedy - Terminal Alvorada,""
O0900AAA0A,22004,900,Taquara - Downtown,""
O0865AAA0A,22004,865,Pau da Fome - Terminal Taquara,""
O0954AAA0A,22004,954,Terminal Taquara - Recreio dos Bandeirantes,""
O0954AAN0A,22004,SN954,Terminal Taquara - Recreio dos Bandeirantes,""
O0393AAN0A,22005,SN393,Bangu - Candelária,""
O0300AAR0A,22005,SR300,Terminal Sulacap - Candelária,""
O0878AAN0A,22004,SN878,Tanque - Barra da Tijuca,""
E2336AAA0A,22005,2336,Campo Grande - Castelo,""
E2303AAA0A,22005,2303,Cesarão - Carioca,""
E2334AAA0A,22005,2334,Campo Grande - Castelo,""
E2335AAA0A,22005,2335,Santa Cruz - Castelo,""
E2337AAA0A,22005,2337,Santa Cruz - Castelo,""
E2339AAA0A,22005,2339,Campo Grande - Castelo,""
E2381AAA0A,22005,2381,Pedra de Guaratiba - Castelo,""
E2383AAA0A,22005,2383,Sepetiba - Carioca,""
E2802AAA0A,22005,2802,Santa Cruz - Barra da Tijuca,""
E2804AAA0A,22005,2804,Bangu - Barra da Tijuca,""
O0731AAA0A,22005,731,Campo Grande - Marechal Hermes,""
O0731AAN0A,22005,SN731,Campo Grande - Marechal Hermes,""
O0745AAA0A,22005,745,Bangu - Cascadura,""
O0746AAA0A,22005,746,Jabour - Cascadura,""
O0756AAA0A,22005,756,Santa Cruz - Coelho Neto,""
O0759AAA0A,22005,759,Cesarão - Coelho Neto,""
O0777AAV0A,22005,SV777,Padre Miguel - Madureira,""
O0790AAA0A,22005,790,Campo Grande - Cascadura,""
O0794AAA0A,22005,794,Bangu - Cascadura,""
O0801AAA0A,22005,801,Bangu - Taquara,""
O0801AAP0A,22005,SP801,Bangu - Terminal Sulacap,""
O0809AAA0A,22005,809,Sagrado Coração - Santa Cruz,""
O0812AAA0A,22005,812,Carobinha - Bangu,""
E2338AAA0A,22005,2338,Terminal Campo Grande - Castelo,""
O0770AAA0A,22005,770,Campo Grande - Metrô Coelho Neto,""
O0771AAA0A,22005,771,Campo Grande - Metrô Coelho Neto,""
O0802AAA0A,22005,802,Terminal Campo Grande - Bangu,""
O0397AAR0A,22005,SR397,Terminal Campo Grande - Candelária,""
O0397AAN0A,22005,SN397,Terminal Campo Grande - Candelária,""
O0790AAN0A,22005,SN790,Campo Grande - Cascadura,""
O0819AAA0A,22005,819,Jardim Bangu - Bangu,""
O0821AAA0A,22005,821,Campo Grande - Corcundinha,""
O0822AAA0A,22005,822,Campo Grande - Corcundinha,""
O0825AAA0A,22005,825,Campo Grande - Jesuítas,""
O0830AAA0A,22005,830,Pedregoso - Campo Grande,""
O0833AAA0A,22005,833,Conjunto Manguariba - Campo Grande,""
O0741AAA0A,22005,741,Terminal Sulacap - Bangu,""
O0743AAA0A,22005,743,Terminal Sulacap - Bangu,""
O0840AAA0A,22005,840,São Fernando - Campo Grande,""
O0842AAA0A,22005,842,Paciência - Campo Grande,""
O0849AAA0A,22005,849,Base Aérea de Santa Cruz - Campo Grande,""
O0851AAA0A,22005,851,Campo Grande - Escola Amazonas,""
O0790AAV0A,22005,SV790,Campo Grande - Cascadura,""
O0918AAP0A,22005,SP918,Jardim Violeta - Terminal Deodoro,""
O0794AAN0A,22005,SN794,Jabour - Cascadura,""
O0869AAA0A,22005,869,Santa Margarida - Campo Grande,""
O0807AAA0A,22005,807,Jesuítas - Terminal Curral Falso,""
O0803AAN0A,22005,SN803,Jabour - Taquara,""
O0803AAA0A,22005,803,Jabour - Taquara,""
O0870AAA0A,22005,870,Sepetiba - Santa Cruz,""
O0835AAA0A,22005,835,Largo do Correia - Terminal Campo Grande,""
O0837AAA0A,22005,837,Terminal Campo Grande - Conjunto da Marinha,""
O0838AAA0A,22005,838,Terminal Campo Grande - Terminal Magarça,""
O0846AAA0A,22005,846,Rio da Prata - Terminal Campo Grande,""
O0852AAA0A,22005,852,Terminal Campo Grande - Pedra de Guaratiba,""
O0866AAA0A,22005,866,Terminal Campo Grande - Pedra de Guaratiba,""
O0867AAA0A,22005,867,Barra de Guaratiba - Terminal Campo Grande,""
O0884AAA0A,22005,884,Sepetiba - Terminal Campo Grande,""
O0884AAN0A,22005,SN884,Sepetiba - Terminal Campo Grande,""
O0840AAN0A,22005,SN840,São Fernando - Campo Grande,""
O0867AAN0A,22005,SN867,Barra de Guaratiba - Terminal Campo Grande,""
O0892AAA0A,22005,892,São Benedito - Santa Cruz,""
O0893AAA0A,22005,893,Jardim Palmares - Campo Grande,""
O0895AAA0A,22005,895,Serrinha - Campo Grande,""
O0843AAA0A,22005,843,Boa Esperança - Campo Grande,""
O0898AAA0A,22005,898,Sepetiba - Campo Grande,""
O0918AAA0A,22005,918,Bangu - Bonsucesso,""
O0926AAA0A,22005,926,Senador Camará - Penha,""
O0006AAA0A,22002,006,Silvestre - Castelo,""
O0007AAA0A,22002,007,Silvestre - Central,""
O0014AAA0A,22002,014,Paula Matos - Castelo,""
O0107AAA0A,22002,107,Central - Urca,""
O0846AAN0A,22005,SN846,Rio da Prata - Terminal Campo Grande,""
O0821AAN0A,22005,SN821,Campo Grande - Corcundinha,""
O0872AAA0A,22005,872,Praia de Sepetiba - Terminal Mato Alto,""
O0883AAA0A,22005,883,Terminal Mato Alto - Terminal Deodoro,""
O0897AAN0A,22005,SN897,Santa Cruz - Terminal Pingo d'Água,""
O0181AAA0A,22002,181,Rodoviária - São Conrado,""
O0201AAA0A,22002,201,Santa Alexandrina - Castelo,""
O0202AAA0A,22002,202,Rio Comprido - Castelo,""
O0210AAA0A,22002,210,Caju - Candelária,""
O0217AAA0A,22002,217,Andaraí - Carioca,""
O0220AAA0A,22002,220,Usina - Candelária,""
O0229AAA0A,22002,229,Usina - Castelo,""
O0275AAA0A,22002,275,Méier - Candelária,""
O0836AAA0A,22005,836,Rio da Prata - Terminal Campo Grande,""
O0010AAA0A,22002,010,Bairro de Fátima - Central do Brasil,""
O0854AAAAA,22005,854,Terminal Campo Grande - Ilha de Guaratiba,""
O0845AAA0A,22005,LECD120,Cantagalo - Terminal Campo Grande,""
O0834AAA0A,22005,834,Terminal Campo Grande - Cabuçu de Baixo,""
O0864AAP0A,22005,LECD122,Terminal Campo Grande - Bangu,""
O0409AAA0A,22002,409,Saens Peña - Horto,""
O0410AAA0A,22002,410,Saens Peña - Gávea,""
O0415AAA0A,22002,415,Usina - Leblon,""
O0415AAN0A,22002,SN415,Usina - Leblon,""
O0422AAA0A,22002,422,Grajaú - Cosme Velho,""
O0841AAA0A,22005,841,Campo Grande - Inhoaíba,""
O0422AAN0A,22002,SN422,Grajaú - Cosme Velho,""
O0898AAN0A,22005,SN898,Sepetiba - Campo Grande,""
O0133AAN0A,22002,SN133,Largo do Machado - Terminal Gentileza,""
O0893AAN0A,22005,SN893,Jardim Palmares - Campo Grande,""
O0426AAA0A,22002,426,Usina - Jardim de Alah,""
O0100AAA0A,22002,100,General Osório - Central,""
O0105AAA0A,22002,105,Alto Gávea - Central,""
O0117AAA0A,22002,117,Central - Cosme Velho,""
O0432AAA0A,22002,432,Vila Isabel - Gávea,""
O0435AAA0A,22002,435,Grajaú - Gávea,""
O0439AAA0A,22002,439,Vila Isabel - Leblon,""
O0110AAA0A,22002,110,Terminal Gentileza - Jardim de Alah,""
O0112AAA0A,22002,112,Terminal Gentileza - Alto Gávea,""
O0209AAA0A,22002,209,Candelária - Caju,""
O0444AAA0A,22002,444,Maré - Copacabana,""
O0460AAA0A,22002,460,São Cristóvão - Leblon,""
O0461AAA0A,22002,461,São Cristóvão - Ipanema,""
O0463AAA0A,22002,463,São Cristóvão - Copacabana,""
O0472AAA0A,22002,472,Triagem - Leme,""
O0473AAA0A,22002,473,São Januário - Lido,""
O0109AAA0A,22002,109,São Conrado - Santo Cristo,""
O0474AAA0A,22002,474,Jacaré - Copacabana,""
O0474AAV0A,22002,SV474,Jacaré - Copacabana,""
O0476AAA0A,22002,476,Méier - Leblon,""
O0507AAA0A,22002,507,Silvestre - Largo do Machado,""
O0538AAA0A,22002,538,Rocinha - Leme,""
O0538AAN0A,22002,SN538,Rocinha - Leme,""
O0539AAA0A,22002,539,Rocinha - Leme,""
O0583AAA0A,22002,583,Cosme Velho - Leblon,""
O0584AAA0A,22002,584,Cosme Velho - Leblon,""
O0603AAA0A,22002,603,Usina - Saens Peña,""
O0608AAA0A,22002,608,Grajaú - Saens Peña,""
O0626AAA0A,22002,626,Saens Peña - Muda,""
O0498AAA0A,22003,498,Circular da Penha - Largo do Machado,""
O0448AAA0A,22002,448,Furnas - São Conrado,""
O0513AAA0A,22002,513,Urca - Botafogo,""
O0433AAA0A,22002,433,Vila Isabel - Siqueira Campos,""
O0474AAN0A,22002,SN474,Méier - Copacabana,""
O0553AAA0A,22004,553,Recreio dos Bandeirantes - Rio Sul,""
O0553AAP0A,22004,SP553,Barra Sul - Rio Sul,""
O0554AAN0A,22004,SN554,Piabas - Rio Sul,""
O0104AAA0A,22002,104,São Conrado - Terminal Gentileza,""
O0335AAA0A,22003,335,Cordovil - Tiradentes,""
O0485AAA0A,22003,485,Fundão - General Osório,""
O0483AAN0A,22003,SN483,Penha - General Osório,""
O0766AAP0A,22004,SP766,Três Rios - Madureira,""
O0483AAV0A,22003,SV483,General Osório - Penha,""
O0483AAPAA,22003,SPA483,Fiocruz - General Osório,""
O0483AAPBA,22003,SPB483,Parque União - General Osório,""
O0309AAP0A,22004,SP309,São Conrado - Central,""
O0315AAP0A,22004,SP315,Vila do João - Recreio dos Bandeirantes,""
O0922AAV0A,22003,SV922,Tubiacanga - Fundão,""
O0384AAV0A,22003,SV384,Pavuna - Passeio,""
O0550AAPAA,22004,SPA550,Cidade de Deus - Rocinha,""
O0759AAP0A,22005,SP759,Cesarão - Terminal Deodoro,""
O0805AAP0A,22004,SP805,Terminal Alvorada - Passarela da Barra,""
O0957AAA0A,22004,957,Vila do João - Terminal Alvorada,""
O0987AAA0A,22004,987,Gardênia Azul - Pechincha,""
O0808AAA0A,22005,808,Salim - Campo Grande,""
O0899AAA0A,22005,899,Barra de Guaratiba - Terminal Recreio,""
O0209AAN0A,22002,SN209,Candelária - Caju,""
O0990AAA0A,22004,990,Merck - Joatinga,""
O0899AAV0A,22005,SV899,Barra de Guaratiba - Terminal Recreio,""
O0645AAA0A,22004,645,Terminal Alvorada - Saens Peña,""
O0901AAVBA,22003,SVB901,Bonsucesso - Bananal,""
O0817AAA0A,22004,817,Piabas - Vargem Grande,""
O0300AAA0A,22005,300,Terminal Sulacap - Candelária,""
O0416AAA0A,22002,416,Saens Peña - Horto,""
O0552AAA0A,22004,552,Terminal Alvorada - Rio Sul,""
O0554AAA0A,22004,554,Piabas - Rio Sul,""
O0558AAA0A,22004,558,Cidade de Deus - Copacabana,""
O0921AAA0A,22003,921,Bancários - Ribeira,""
O0881AAA0A,22004,881,Taquara - Terminal Alvorada,""
O0443AAA0A,22002,443,Maré - Leblon,""
O0371AAA0A,22004,371,Praça Seca - Praça Tiradentes,""
O0399AAR0A,22003,SR399,Pavuna - Passeio,""
O0388AAR0A,22005,SR388,Santa Cruz - Candelária,""
O0757AAA0A,22005,757,Sepetiba - Coelho Neto,""
O0157AAA0A,22002,157,Gávea (PUC) - Castelo,""
O0397AAA0A,22005,397,Terminal Campo Grande - Candelária,""
O0847AAA0A,22005,847,Rio da Prata - Terminal Campo Grande,""
O0350AAA0A,22003,350,Irajá - Castelo,""
O0328AAN0A,22003,SN328,Bananal - Candelária,""
O0433AAN0A,22002,SN433,Vila Isabel - Siqueira Campos,""
O0368AAN0A,22004,SN368,Riocentro - Candelária,""
O0880AAN0A,22004,SN880,Rio das Pedras - Terminal Alvorada,""
O0388AAN0A,22005,SN388,Santa Cruz - Candelária,""
O0355AAN0A,22003,SN355,Madureira - Praça Tiradentes,""
O0399AAN0A,22003,SN399,Pavuna - Passeio,""
O0783AAA0A,22004,783,Terminal Deodoro - Praça Seca,""
O0788AAA0A,22005,788,Terminal Campo Grande - Terminal Deodoro,""
O0796AAA0A,22005,796,Campo Grande - Terminal Deodoro,""
O0384AAR0A,22003,SR384,Pavuna - Passeio,""
O0386AAR0A,22003,SR386,Anchieta - Candelária,""
O0861AAN0A,22004,SN861,Rio das Pedras - Curicica,""
O0497AAN0A,22003,SN497,Penha - Largo do Machado,""
O0133AAA0A,22002,133,Largo do Machado - Terminal Gentileza,""
O0301AAA0A,22004,301,Terminal Gentileza - Terminal Alvorada,""
O0328AAR0A,22003,SR328,Bananal - Candelária,""
O0391AAV0A,22005,SV391,Padre Miguel - Praça da República,""
O0897AAA0A,22005,897,Paciência - Terminal Pingo d'Água,""
O0871AAA0A,22005,871,Terminal Pingo d'Água - Cesarão,""
O0624AAN0A,22003,SN624,Mariópolis - Praça da República,""
O0785AAA0A,22004,785,Cascadura - Marechal Hermes,""
E2024AAA0A,22002,2024,Leblon - Aeroporto Internacional do RJ,""
O0653AAA0A,22003,653,Terminal Deodoro - Méier,""
O0764AAA0A,22005,764,Catiri - Terminal Deodoro,""
O0798AAA0A,22005,798,Campo Grande - Terminal Deodoro,""
O0108AAA0A,22002,108,Jardim de Alah - Terminal Gentileza,""
O0606AAA0A,22003,606,Engenho de Dentro - Terminal Gentileza,""
O0600AAN0A,22004,SN600,Taquara - Saens Peña,""
O0104AAN0A,22002,SN104,São Conrado - Terminal Gentileza,""
O0919AAA0A,22003,919,Pavuna - Bonsucesso,""
O0919AAN0A,22003,SN919,Pavuna - Maré,""
O0685AAN0A,22003,SN685,Irajá - Méier,""
O0885AAN0A,22005,SN885,Terminal Mato Alto - Santa Cruz,""
O0825AAN0A,22005,SN825,Campo Grande - Jesuítas,""
O0165AAA0A,22002,165,Terminal Gentileza - Cosme Velho,""
O0163AAA0A,22002,163,Terminal Gentileza - Copacabana,""
O0161AAA0A,22002,161,Terminal Gentileza - Ipanema,""
O0791AAA0A,22005,LECD123,Padre Miguel - Terminal Deodoro,""
O0737AAA0A,22005,737,Santíssimo - Cascadura,""
O0826AAA0A,22005,826,Carobinha - Campo Grande,""
O0007AAN0A,22002,SN007,Silvestre - Central,""
O0895AAN0A,22005,SN895,Serrinha - Campo Grande,""
O0634AAN0A,22003,SN634,Bananal - Saens Peña,""
O0112AAV0A,22002,SV112,Terminal Gentileza - Alto Gávea,""
O0013AAA0A,22002,013,Paula Matos - Santo Cristo,""
O0857AAA0A,22005,857,Terminal Campo Grande - Terminal Pingo d'Água,""
O0857AAN0A,22005,SN857,Terminal Campo Grande - Terminal Pingo D'Água,""
O0353AAN0A,22004,SN353,Gardênia Azul - Terminal Gentileza,""
O0312AAN0A,22003,SN312,Penha - Candelária,""
O0795AAP0A,22003,SP795,Pavuna - Terminal Deodoro,""
O0921AAV0A,22003,SV921,Bancários - Ribeira,""
O0353AAA0A,22004,353,Gardênia Azul - Terminal Gentileza,""
O0265AAP0A,22003,SP265,Marechal Hermes - Terminal Gentileza,""
O0167AAA0A,22002,167,Terminal Gentileza - Urca,""
O0754AAA0A,22005,754,Santa Cruz - Terminal Deodoro,""
O0855AAA0A,22005,855,Terminal Magarça - Terminal Deodoro,""
O0635AAA0A,22003,635,Bananal - Saens Peña,""
O0922AAA0A,22003,922,Tubiacanga - Terminal Fundão,""
O0779AAA0A,22003,779,Metrô Pavuna - Terminal Madureira,""
O0779AAN0A,22003,SN779,Metrô Pavuna - Terminal Madureira,""
O0863AAV0A,22004,SV863,Rio das Pedras - Barra da Tijuca,""
O0324AAA0A,22003,324,Ribeira - Candelária,""
O0326AAPBA,22003,SPB326,Bancários - Terminal Fundão,""
O0324AAP0A,22003,SP324,Ribeira - Terminal Fundão,""
O0328AAP0A,22003,SP328,Bananal - Terminal Fundão,""
O0329AAP0A,22003,SP329,Bancários - Terminal Fundão,""
O0624AAV0A,22003,SV624,Mariópolis - Praça da Bandeira,""
O0651AAA0A,22004,651,Cascadura - Méier,""
O0804AAA0A,22005,LECD109,Terminal Curral Falso - Campo Grande,""
O0616AAA0A,22003,616,Del Castilho - Fundão,""
O0786AAA0A,22005,786,Terminal Campo Grande - Cascadura,""
O0961AAA0A,22004,961,Rio das Pedras - Recreio dos Bandeirantes,""
O0222AAA0A,22002,222,Vila Isabel - Gamboa,""
O0894AAA0A,22005,894,Terminal Campo Grande - Jardim Moriçaba,""
O0585AAA0A,22002,585,Largo do Machado - Jardim de Alah,""
O0908AAA0A,22003,908,Terminal Deodoro - Bonsucesso,""
O0908AAN0A,22003,SN908,Terminal Deodoro - Bonsucesso,""
O0853AAA0A,22005,853,Terminal Mato Alto - Terminal Deodoro,""
O0850AAA0A,22005,850,Mendanha - Campo Grande,""
O0696AAN0A,22003,SN696,Méier - Praia do Dendê,""
O0856AAA0A,22005,856,Capoeira Grande - Terminal Campo Grande,""
O0486AAA0A,22003,486,Fundão - General Osório,""
O0959AAA0A,22003,LECD116,Metrô Vicente de Carvalho - Irajá,""
O0635AAP0A,22003,SP635,Terminal Fundão - Saens Peña,""
O0799AAA0A,22003,LECD112,Metrô Pavuna - Bangu,""
O0979AAA0A,22003,LECD118,Terminal Madureira - Terminal Fundão,""
O0908AAV0A,22003,SV908,Terminal Deodoro - Bonsucesso,""
O0868AAA0A,22005,868,Urucânia - Campo Grande,""
O0853AAV0A,22005,SV853,Terminal Mato Alto - Terminal Deodoro,""
O0548AAA0A,22002,548,Metrô Botafogo - Terminal Alvorada,""
O0383AAN0A,22005,SN383,Realengo - Praça da República,""
O0946AAA0A,22003,LECD115,Pavuna - Engenho da Rainha,""
O0917AAV0A,22003,LECD114,Padre Miguel - Bonsucesso,""
O0780AAA0A,22003,LECD111,Metrô Pavuna - Terminal Madureira,""
O0975AAA0A,22003,LECD117,Madureira - Terminal Fundão,""
O0169AAA0A,22002,LECD110,Terminal Gentileza - General Osório,""
O0864AAA0A,22005,LECD121,Terminal Campo Grande - Terminal Sulacap,""
O0820AAA0A,22005,LECD119,Rio da Prata - Terminal Mato Alto,""
O0389AAP0A,22005,SP389,Vila Aliança - Terminal Deodoro,""
E2614AAA0A,22004,LECD124,Terminal Alvorada - Metrô Del Castilho,""
E2613AAA0A,22004,LECD125,Riocentro - Metrô Del Castilho,""
O0848AAN0A,22005,SN848,Terminal Campo Grande - Monte Santo,""
O0848AAA0A,22005,848,Terminal Campo Grande - Monte Santo,""
O0867AAE0A,22005,SE867,Barra de Guaratiba - Terminal Campo Grande,""
20000101130,20001,10,Santa Cruz - Terminal Alvorada,BRT
20000111110,20001,11,Santa Cruz - Terminal Alvorada,BRT
20000171110,20001,17,Campo Grande - Santa Cruz,BRT
20000461130,20001,46,Penha - Terminal Alvorada,BRT
20000531130,20001,53,Terminal Sulacap - Terminal Alvorada,BRT
20000181130,20001,18,Pontal - Terminal Jardim Oceânico,BRT
20000141130,20001,14,Santa Eugênia - Terminal Recreio,BRT
20000801110,20001,80,Penha - Terminal Gentileza,BRT
20000511110,20001,51,Terminal Deodoro - Terminal Recreio,BRT
20000351110,20001,35,Terminal Madureira - Terminal Alvorada,BRT
20000521110,20001,52,Terminal Deodoro - Terminal Alvorada,BRT
20000311140,20001,31,Vicente de Carvalho - Terminal Alvorada,BRT
20000401130,20001,40,Terminal Madureira - Terminal Alvorada,BRT
20000411130,20001,41,Terminal Madureira - Terminal Recreio,BRT
20000501110,20001,50,Terminal Jardim Oceânico - Terminal Centro Olímpico,BRT
20000EXEC1110,20001,ESP01,Galeão - Terminal Gentileza,BRT_Exec
20000201130,20001,20,Santa Cruz - Salvador Allende,BRT
20000421110,20001,42,Galeão - Madureira,BRT
20000151130,20001,15,Terminal Curral Falso - Terminal Alvorada,BRT
20000161130,20001,16,Terminal Magarça - Terminal Alvorada,BRT
20000131130,20001,13,Terminal Mato Alto - Terminal Alvorada,BRT
20000251130,20001,25,Terminal Mato Alto - Terminal Alvorada,BRT
20000121130,20001,12,Terminal Pingo d'Água - Terminal Alvorada,BRT
20000901110,20001,90,Terminal Fundão - Terminal Gentileza,BRT
20000191130,20001,19,Terminal Pingo d'Água - Salvador Allende,BRT
20000601110,20001,60,Terminal Deodoro - Terminal Gentileza,BRT
20000611130,20001,61,Terminal Deodoro - Terminal Gentileza,BRT
20000431130,20001,43,Terminal Fundão - Santa Efigênia,BRT
20000221110,20001,22,Terminal Alvorada - Terminal Jardim Oceânico,BRT
20000681130,20001,68,Bangu - Terminal Deodoro,BRT
20000711130,20001,71,Vigário Geral - Terminal Gentileza,BRT
20000281130,20001,28,Terminal Pingo d'Água - Terminal Curral Falso,BRT
20000671130,20001,67,Terminal Campo Grande - Terminal Deodoro,BRT
